"drug_name","smiles","prescribing_reason","usage","precautions","side_effects","status"
"Axitinib","CNC(=O)C1=CC=CC=C1SC2=CC3=C(C=C2)C(=N[NH]3)\C=C\C4=CC=CC=N4","Axitinib is used alone to treat advanced renal cell carcinoma (RCC, a type of cancer that begins in the cells of the kidneys) in people who have not been treated successfully with another medication. Axitinib is used in combination with avelumab (Bavencio) or pembrolizumab (Keytruda) to treat advanced renal cell carcinoma. Axitinib is in a class of medications called kinase inhibitors. It works by blocking the action of an abnormal protein that signals cancer cells to multiply. This helps slow or stop the spread of cancer cells.","Axitinib comes as a tablet to take by mouth. It is usually taken with or without food two times a day. Take axitinib at around the same times every day, about 12 hours apart. Follow the directions on your prescription label carefully, and ask your doctor or pharmacist to explain any part you do not understand. Take axitinib exactly as directed. Do not take more or less of it or take it more often than prescribed by your doctor.","Before taking axitinib,tell your doctor and pharmacist if you are allergic to axitinib, any other medications, or any of the ingredients in axitinib tablets. Ask your pharmacist for a list of the ingredients.tell your doctor and pharmacist what other prescription and nonprescription medications, vitamins, and nutritional supplements you are taking or plan to take. Your doctor may need to change the doses of your medications or monitor you carefully for side effects.tell your doctor what nonprescription or herbal products you are taking, especially St John's wort. Be sure to let your doctor and pharmacist know that you are taking these medications before you start taking axitinib. Do not start any of these medications while taking axitinib without discussing with your healthcare provider.tell your doctor if you have a wound that has not healed, or if you have or have ever had bleeding problems; blood clots; high blood pressure; a heart attack; diabetes; high cholesterol levels; bleeding in the stomach or intestines; brain cancer; a pulmonary embolism (blood clot in your lung); a stroke or ministroke (TIA); heart failure or other heart problems; liver or kidney problems; or thyroid disease.tell your doctor if you are pregnant, plan to become pregnant, or if you plan to father a child. If you are female, you will have to take a pregnancy test before starting treatment and use birth control to prevent pregnancy during your treatment and for 1 week after your final dose. If you are male, you and your female partner should use birth control during your treatment and for 1 week after your final dose. Talk to your doctor about birth control methods that will work for you. If you or your partner becomes pregnant while taking axitinib, call your doctor. Axitinib may harm the fetus.tell your doctor if you are breastfeeding. You should not breastfeed during your treatment with axitinib and for 2 weeks after your final dose.you should know that this medication may decrease fertility in men and women. Talk to your doctor about the risks of taking axitinib.if you are having surgery, including dental surgery, tell the doctor or dentist that you are taking axitinib. Your doctor will tell you to stop taking axitinib at least 2 days before your surgery and when it will be safe for you to start taking axitinib again after your surgery.","severe stomach painshortness of breathswelling in hands or feetunusual bleeding or bruisingblack and tarry stoolsred blood in stoolsbloody vomitvomiting material that looks like coffee groundschest pain or pressurepain in the arms, back, neck, or jawswelling, tenderness, warmth, or redness of a legsudden numbness or weakness of face, arm, or leg (especially on one side of the body)sudden confusion, trouble speaking or understandingsudden trouble seeing in one or both eyes or loss of visionsudden trouble walking, dizziness, loss of balance or coordinationsudden severe headache with no known causeseizureyellowing of the skin or whites of eyes, nausea or vomiting, pain in the right upper side of the stomach, dark colored urine, or unusual bleeding or bruising","0"
"Roxadustat (FG-4592)","CC1=NC(=C(O)C2=C1C=C(OC3=CC=CC=C3)C=C2)C(=O)NCC(O)=O",\N,\N,\N,\N,"1"
"Selumetinib (AZD6244)","C[N]1C=NC2=C(F)C(=C(C=C12)C(=O)NOCCO)NC3=CC=C(Br)C=C3Cl","Selumetinib is used to treat neurofibromatosis type 1 (NF1; a nervous system disorder that causes tumors to grow on nerves) in children 2 years of age and older who have plexiform neurofibromas (PN; soft tumors) that cannot be completely removed by surgery. Selumetinib is in a class of medications called kinase inhibitors. It works by blocking the action of the abnormal protein that signals the tumors to grow. This helps to stop or slow tumor growth.","Selumetinib comes as a capsule to take by mouth. It is usually taken twice a day on an empty stomach. Do not eat any food 2 hours before or for 1 hour after each dose. Take selumetinib at around the same time(s) every day, approximately 12 hours apart. Follow the directions on your prescription label carefully, and ask your doctor or pharmacist to explain any part you do not understand. Take selumetinib exactly as directed. Do not take more or less of it or take it more often than prescribed by your doctor.","Before taking selumetinib,tell your doctor and pharmacist if you are allergic to selumetinib, any other medications, or any of the ingredients in selumetinib capsules. Ask your pharmacist for a list of the ingredients.tell your doctor and pharmacist what other prescription and nonprescription medications, vitamins, nutritional supplements, and herbal products you are taking or plan to take. Be sure to mention any of the following: anticoagulants ('blood thinners') such as warfarin (Coumadin, Jantoven); antifungals such as fluconazole (Diflucan), itraconazole (Sporanox), ketoconazole (Nizoral), and voriconazole (Vfend); aprepitant (Emend); clarithromycin (Biaxin, in Prevpac); clopidogrel (Plavix); corticosteroids such as betamethasone (Celestone), budesonide (Entocort), cortisone (Cortone), dexamethasone (Decadron, Dexpak, Dexasone, others), hydrocortisone (Cortef, Hydrocortone), methylprednisolone (Medrol, Meprolone, others), prednisolone (Prelone, others), and prednisone (Rayos); diltiazem (Cardizem, Dilacor, Tiazac, others); erythromycin (E.E.S., E-Mycin, Erythrocin); certain medications for HIV including indinavir (Crixivan), nelfinavir (Viracept), ritonavir (Norvir, in Kaletra), and saquinavir (Fortovase, Invirase); idelalisib (Zydelig); nefazodone; phenobarbital; rifabutin (Mycobutin); rifampin (Rifadin, Rimactane, in Rifamate, in Rifater); verapamil (Calan, Covera); and vitamin E supplements. Your doctor may need to change the doses of your medications or monitor you carefully for side effects.tell your doctor what herbal products you are taking, especially St. John's wort.tell your doctor if you have or have ever had vision problems, difficulty swallowing, or heart or liver disease.tell your doctor if you are pregnant, plan to become pregnant, or if you plan on fathering a child. If you are female, you will need to take a pregnancy test before you start treatment and use birth control to prevent pregnancy during your treatment and for at least 1 week after your final dose. If you are a male, you and your partner should use birth control during your treatment with selumetinib and for 1 week after your final dose. Talk to your doctor about birth control methods that you can use during your treatment. If you or your partner become pregnant while taking selumetinib, call your doctor immediately. Selumetinib may harm the fetus.tell your doctor if you are breastfeeding. You should not breastfeed while you are taking selumetinib and for 1 week after the final dose.","feverunusual bleedingpale skin or tirednessblurred vision; loss of vision; dark spots in your vision; or other vision changesdiarrhearash, skin blisters or peelingmuscle pain, aches, or weakness; or dark urinecoughing or wheezing; shortness of breath; swelling of ankles and feet; or extreme tiredness","0"
"Nintedanib (BIBF 1120)","COC(=O)C1=CC=C\2C(=C1)NC(=O)C2=C(NC3=CC=C(C=C3)N(C)C(=O)CN4CCN(C)CC4)/C5=CC=CC=C5","Nintedanib is used to treat idiopathic pulmonary fibrosis (IPF; scarring of the lungs with an unknown cause). It is also used to treat certain types of chronic fibrosing interstitial lung diseases (ILD; an ongoing disease in which there is increased scarring of the lungs). Nintedanib is also used to slow the rate of decline in lung function in people with systemic sclerosis-associated interstitial lung disease (SSc-ILD; also known as scleroderma-associated ILD: a disease in which there is scarring of the lungs that is often fatal). Nintedanib is in a class of medications called kinase inhibitors. It works by blocking the action of enzymes involved in causing fibrosis.","Nintedanib comes as a capsule to take by mouth. It is usually taken with food every 12 hours (twice a day). Take nintedanib capsules at around the same times every day. Follow the directions on your prescription label carefully, and ask your doctor or pharmacist to explain any part you do not understand. Take nintedanib exactly as directed. Do not take more or less of it or take it more often than prescribed by your doctor.","Before taking nintedanib,tell your doctor and pharmacist if you are allergic to nintedanib, any other medications, or any of the ingredients in nintedanib capsules. Ask your pharmacist or check the manufacturer's patient information for a list of the ingredients.tell your doctor and pharmacist what other prescription and nonprescription medications, vitamins, and nutritional supplements you are taking or plan to take. Be sure to mention any of the following: anticoagulants (''blood thinners'') such as warfarin (Coumadin, Jantoven); aspirin and other nonsteroidal anti-inflammatory drugs (NSAIDS) such as ibuprofen (Advil, Motrin, others) and naproxen (Aleve, Anaprox, Naprelan); carbamazepine (Carbatrol, Epitol, Equetro, Tegretol, Teril); erythromycin (E.E.S., Ery-Tab, Eryc); ketoconazole; laxatives; oral steroids such as dexamethasone (Decadron, Dexpak), methylprednisolone (Medrol), and prednisone; phenytoin (Dilantin, Phenytek); pirfenidone (Esbriet); rifampin (Rifadin, Rimactane, in Rifamate, in Rifater); or stool softeners. Your doctor may need to change the doses of your medications or monitor you carefully for side effects.tell your doctor what herbal products you are taking, especially St. John's wort.tell your doctor if you or anyone in your family has ever had a bleeding problem, if you have or have ever had liver or heart disease, diverticular disease (diverticulitis; small pouches in the lining of the large intestine that can become inflamed), or blood clots, and if you have had recent abdominal surgery.tell your doctor if you are pregnant, plan to become pregnant, or can possibly become pregnant. You should not start taking nintedanib until a pregnancy test has shown that you are not pregnant. You should not become pregnant while you are taking nintedanib; the medication may harm your unborn baby. Nintedanib may decrease the effectiveness of hormonal contraceptives (birth control pills, patches, rings, implants, or injections), so you should not use these as your only method of birth control. You must also use a barrier method of birth control (device that blocks sperm from entering the uterus such as a condom or a diaphragm). Talk to your doctor about birth control methods that you can use during your treatment and for at least 3 months after your last dose of nintedanib. If you become pregnant while taking nintedanib, call your doctor immediately.tell your doctor if you are breastfeeding.tell your doctor if you use tobacco products. Cigarette smoking may decrease the effectiveness of this medication. You should stop smoking before you start taking nintedanib and avoid smoking during your treatment.","diarrheaextreme tirednessunusual bleeding or bruisinglack of energyloss of appetitepain in the upper right part of the stomachyellowing of the skin or eyesdark or brown (tea-colored) urinechest painpain in your arms, back, neck, or jawshortness of breathnumbness or weakness on one side of your bodydifficulty speakingheadachedizzinesswounds that do not healpain or swelling in your stomach area, nausea, vomiting, fever, chills, or blood in your stoolrashitching","0"
"Afatinib (BIBW2992)","CN(C)C/C=C/C(=O)NC1=CC2=C(NC3=CC=C(F)C(=C3)Cl)N=CN=C2C=C1OC4CCOC4","Afatinib is used to treat certain types of non-small cell lung cancer that has spread to nearby tissues or to other parts of the body. Afatinib is in a class of medications called kinase inhibitors. It works by blocking the action of a certain naturally occurring substance that may be needed to help cancer cells multiply.","Afatinib comes as a tablet to take by mouth. It is usually taken on an empty stomach once a day, at least 1 hour before or 2 hours after eating a meal or snack. Take afatinib at around the same time every day. Follow the directions on your prescription label carefully, and ask your doctor or pharmacist to explain any part you do not understand. Take afatinib exactly as directed. Do not take more or less of it or take it more often than prescribed by your doctor.","Before taking afatinib,tell your doctor and pharmacist if you are allergic to afatinib, any other medications, or any of the ingredients in afatinib tablets. Ask your pharmacist for a list of the ingredients.tell your doctor and pharmacist what prescription and nonprescription medications, vitamins, and nutritional supplements you are taking or plan to take. Be sure to mention any of the following: amiodarone (Cordarone, Pacerone); certain antifungal medications such as itraconazole (Sporanox) and ketoconazole (Nizoral); cyclosporine (Gengraf, Neoral, Sandimmune); erythromycin (E.E.S., Erythrocin, others); certain medications for human immunodeficiency virus (HIV) such as nelfinavir (Viracept), ritonavir (Norvir, in Kaletra), and saquinavir (Invirase); certain medications for seizures such as carbamazepine (Carbatrol, Equetro, Tegretol), phenobarbital, and phenytoin (Dilantin); quinidine (in Nuedexta); rifampin (Rimactane, Rifadin, in Rifater); tacrolimus (Prograf); and verapamil (Calan, Covera, Isoptin, Verelan). Many other medications may also interact with afatinib, so be sure to tell your doctor about all the medications you are taking, even those that do not appear on this list. Your doctor may need to change the doses of your medications or monitor you carefully for side effects.tell your doctor what herbal products you are taking, especially St. John's wort.tell your doctor if you are of Asian descent or have or have ever had lung or breathing problems (other than lung cancer); eye problems, including dry eyes; heart problems; liver or kidney disease; or any other medical condition. Also, tell your doctor if you wear contact lenses.tell your doctor if you are pregnant or plan to become pregnant. You should not become pregnant while you are taking afatinib and for at least 2 weeks after your treatment. Talk to your doctor about birth control methods that you can use during your treatment. If you become pregnant while taking afatinib, call your doctor immediately. Afatinib may harm the fetus.tell your doctor if you are breast-feeding. You should not breast-feed while you are taking afatinib.plan to avoid unnecessary or prolonged exposure to sunlight and to wear protective clothing, sunglasses, and sunscreen. Afatinib may make your skin sensitive to sunlight. Exposure to sunlight increases the risk that you will develop a rash or acne during your treatment with afatinib.","diarrheadry mouth, dark urine, decreased sweating, dry skin, and other signs of dehydrationdecreased urinationswelling of the arms, hands, feet, ankles, or lower legsrashpain, redness, peeling, or blistering of skindifficulty breathingshortness of breathrapid, irregular, or pounding heartbeatsudden weight gaincoughfeverexcessive tirednesspain in the right upper part of the stomachunusual bruising or bleedingnauseavomitingyellowing of the skin or eyesdark urinered, swollen, painful, or teary eyessudden changes in vision, including blurred visionsensitivity to light","0"
"Bortezomib (PS-341)","CC(C)CC(NC(=O)C(CC1=CC=CC=C1)NC(=O)C2=NC=CN=C2)B(O)O","Bortezomib is used to treat people with multiple myeloma (a type of cancer of the bone marrow). Bortezomib is also used to treat people with mantle cell lymphoma (a fast-growing cancer that begins in the cells of the immune system). Bortezomib is in a class of medications called antineoplastic agents. It works by killing cancer cells.","Bortezomib comes as a solution (liquid) to inject into a vein or subcutaneously (under the skin). Bortezomib is given by a doctor or nurse in a medical office or clinic. Your dosing schedule will depend on the condition that you have, the other medications you are using, and how well your body responds to treatment.","Before using bortezomib,tell your doctor and healthcare provider if you are allergic to bortezomib, mannitol, any other medications, boron, or any of the ingredients in bortezomib. Ask your healthcare provider for a list of the ingredients.tell your doctor and pharmacist what other prescription and nonprescription medications, vitamins, or nutritional supplements you are taking or plan to take. Be sure to mention any of the following: clarithromycin (Biaxin, in PrevPac); certain antifungals such as itraconazole (Sporanox) or ketoconazole (Nizoral); idelalisib (Zydelig); medications to treat diabetes or high blood pressure; certain medications to treat human immunodeficiency virus (HIV) or acquired immunodeficiency syndrome (AIDS) such as indinavir (Crixivan), nelfinavir (Viracept), ritonavir (Norvir), or saquinavir (Invirase); certain medications to treat seizures such as carbamazepine (Carbatrol, Tegretol), phenobarbital (Luminal, Solfoton), or phenytoin (Dilantin, Phenytek); nefazodone; ribociclib (Kisqali, Kisqali, in Femera); rifabutin (Mycobutin); or rifampin (Rifadin, Rifamate, Rimactane, others). Your doctor may need to change the doses of your medications or monitor you carefully for side effects. Many other medications may also interact with bortezomib, so be sure to tell your doctor about all the medications you are taking, even those that do not appear on this list.tell your doctor what herbal products you are taking, especially St. John's wort.tell your doctor if you or anyone in your family has or has ever had heart disease and if you have or have ever had a herpes infection (cold sores, shingles, or genital sores); diabetes; fainting; high cholesterol (fats in the blood); low or high blood pressure; peripheral neuropathy (numbness, pain, tingling, or burning feeling in the feet or hands) or weakness or loss of feeling or reflexes in a part of your body;or kidney or liver disease. Also tell your doctor if you smoke or drink large amounts of alcohol.tell your doctor if you are pregnant or plan to become pregnant. Bortezomib may harm the fetus. Use birth control to prevent pregnancy during your treatment with bortezomib and for at least 7 months after your final dose. If you are a male with a female partner who could become pregnant, be sure to use birth control during your treatment with bortezomib and for at least 4 months after your final dose. Ask your doctor if you have questions about types of birth control that will work for you. If you or your partner become pregnant while using bortezomib or for 7 months after your final dose, call your doctor immediately.do not breastfeed during your treatment with bortezomib and for 2 months after your final dose.if you are having surgery, including dental surgery, tell the doctor or dentist that you are using bortezomib.you should know that bortezomib may make you drowsy, dizzy, or lightheaded, or cause fainting or blurred vision. Do not drive a car or operate machinery or dangerous tools until you know how this medication affects you.you should know that bortezomib may cause dizziness, lightheadedness, and fainting when you get up too quickly from a lying position. This is more common in people who have fainted in the past, people who are dehydrated, and people who are taking medications that lower blood pressure. To avoid this problem, get out of bed slowly, resting your feet on the floor for a few minutes before standing up.","weakness in the arms or legs, changes in the sense of touch, or pain, burning, numbness, or tingling in the hands, arms, legs, or feetsudden shooting or stabbing pain, constant aching or burning pain, or muscle weaknessshortness of breath, fast heartbeat, headache, dizziness, pale skin, confusion, or tirednessswelling of the feet, ankles, or lower legshives, rash, itchinghoarseness, difficulty swallowing or breathing, or swelling of the face, throat, tongue, lips, eyes, or handsfever, sore throat, chills, cough or other signs of infectionunusual bruising or bleedingblack and tarry stools, red blood in stools, bloody vomit, or vomiting material that looks like coffee groundsslurred speech or inability to speak or understand speech, confusion, paralysis (loss of ability to move a part of the body), vision changes, or loss of vision, balance, coordination, memory or consciousnessfainting, blurred vision, dizziness, nausea, or muscle crampschest pressure or pain, fast heartbeat, swelling of the ankles or feet, or shortness of breathcough, shortness of breath, wheezing, or difficulty breathingheadache, confusion, seizures, tiredness, or vision loss or changespinpoint-sized purple dots under the skin, fever, tiredness, dizziness, shortness of breath, bruising, confusion, sleepiness, seizures, decreased urination, blood in the urine, or swelling in legsfever, headache, chills, nausea, pain, itching or tingling followed by a rash in the same area with skin blisters that are itchy or painfulnausea, extreme tiredness, unusual bleeding or bruising, lack of energy, loss of appetite, pain in the upper right part of the stomach, yellowing of the skin or eyes, or flu-like symptoms","0"
"Bosutinib (SKI-606)","COC1=C(Cl)C=C(Cl)C(=C1)NC2=C(C=NC3=CC(=C(OC)C=C23)OCCCN4CCN(C)CC4)C#N","Bosutinib is used to treat a certain type of chronic myeloid leukemia (CML; a type of cancer of the white blood cells), including treatment in adults who have been recently found to have this condition and in those who can no longer benefit from other medications for CML or who cannot take these medications because of side effects. Bosutinib is in a class of medications called kinase inhibitors. It works by blocking the action of an abnormal protein that signals cancer cells to multiply. This helps stop the spread of cancer cells.","Bosutinib comes as a tablet to take by mouth. It is usually taken with food once a day. Take bosutinib at around the same time every day. Follow the directions on your prescription label carefully, and ask your doctor or pharmacist to explain any part you do not understand. Take bosutinib exactly as directed. Do not take more or less of it or take it more often than prescribed by your doctor.","Before taking bosutinib,tell your doctor and pharmacist if you are allergic to bosutinib or any of the ingredients in bosutinib tablets. Ask your pharmacist for a list of the ingredients.tell your doctor and pharmacist what other prescription and nonprescription medications, vitamins, nutritional supplements, and herbal products you are taking or plan to take. Be sure to mention any of the following: certain antifungals such as ketoconazole and itraconazole (Sporanox); aprepitant (Emend); certain medications used to treat human immunodeficiency virus (HIV) such as indinavir (Crixivan), nelfinavir (Viracept), ritonavir (Norvir), and saquinavir (Invirase); medications to reduce stomach acid (proton-pump inhibitors) such as esomeprazole (Nexium), lansoprazole (Prevacid), omeprazole (Prilosec), pantoprazole (Protonix), and rabeprazole (AcipHex); diltiazem (Cardizem, Cartia, Tiazac); erythromycin (E.E.S., E-Mycin, Erythrocin); nefazodone; rifabutin (Mycobutin); and rifampin (Rifadin, Rimactane in Rifamate, in Rifater). Many other medications may also interact with bosutinib, so be sure to tell your doctor about all the medications you are taking, even those that do not appear on this list.if you are taking antacids, such as aluminum hydroxide/magnesium hydroxide (Maalox), calcium carbonate (Tums) or calcium carbonate and magnesium (Rolaids) or medications to reduce stomach acid, such as cimetidine (Tagamet), famotidine (Pepcid), or ranitidine (Zantac), take them 2 hours before or 2 hours after you take bosutinib.tell your doctor what herbal products you are taking, especially St. John's wort.tell your doctor if you have or have ever had high blood pressure, diabetes, or kidney, liver, or heart disease.tell your doctor if you are pregnant or plan to become pregnant. You will need to take a pregnancy test before you start treatment and you should not become pregnant while you are taking bosutinib. You should use an effective form of birth control during treatment with bosutinib and for 2 weeks after your final dose. Talk to your doctor about birth control methods that will work for you. If you become pregnant while taking bosutinib, call your doctor. Bosutinib may harm the fetus.tell your doctor if you are breastfeeding. You should not breastfeed while you are taking bosutinib and for 2 weeks after your last dose.you should know that this medication may decrease fertility in men and women. Talk to your doctor about the risks of taking bosutinib.","nauseavomitingdiarrheasudden stomach area painunexplained bleeding or bruisingblood in urine or stoolchange in the frequency of urinationincrease or decrease in the amount of urinedizzinessfever, sore throat, chills, or other signs of infectionshortness of breath and coughchest painswelling of face, hands, ankles, feet, or lower legssudden weight gainyellowing of the skin and eyesdark or tea-colored urinehivesrashitchingdifficulty breathing or swallowing","0"
"Dasatinib","CC1=NC(=CC(=N1)N2CCN(CCO)CC2)NC3=NC=C(S3)C(=O)NC4=C(Cl)C=CC=C4C","Dasatinib is used to treat a certain type of chronic myeloid leukemia (CML; a type of cancer of the white blood cells) as a first treatment and in people who can no longer benefit from other leukemia medications including imatinib (Gleevec) or in those who cannot take these medications because of side effects. Dasatinib is also used to treat a certain type of chronic CML in children. Dasatinib is also used to treat a certain type of acute lymphoblastic leukemia (ALL; a type of cancer of the white blood cells) in people who can no longer benefit from other leukemia medications or who cannot take these medications because of side effects. Dasatinib is in a class of medications called kinase inhibitors. It works by blocking the action of an abnormal protein that signals cancer cells to multiply. This helps stop the spread of cancer cells.","Dasatinib comes as a tablet to take by mouth. It is usually taken once a day, in the morning or in the evening, with or without food. Take dasatinib at around the same time every day. Follow the directions on your prescription label carefully, and ask your doctor or pharmacist to explain any part you do not understand. Take dasatinib exactly as directed. Do not take more or less of it or take it more often than prescribed by your doctor.","Before taking dasatinib,tell your doctor and pharmacist if you are allergic to dasatinib, any other medications, or any of the ingredients in dasatinib tablets. Ask your pharmacist for a list of the ingredients.tell your doctor and pharmacist what other prescription and nonprescription medications, vitamins, and nutritional supplements you are taking or plan to take. Be sure to mention any of the following: anticoagulants (''blood thinners'') such as warfarin (Coumadin, Jantoven); anthracycline medications for cancer such as daunorubicin (Cerubidine), doxorubicin (Doxil), and epirubicin (Ellence); certain antifungals such as ketoconazole (Nizoral), itraconazole (Onmel, Sporanox), and voriconazole (Vfend); clarithromycin (Biaxin, in PrevPac); dexamethasone; certain medications used to treat human immunodeficiency virus (HIV) such as atazanavir (Reyataz), indinavir (Crixivan), nelfinavir (Viracept), ritonavir (Norvir), and saquinavir (Invirase); certain medications for irregular heartbeat such as amiodarone (Nexterone, Pacerone), disopyramide (Norpace), dofetilide (Tikosyn), flecainide (Tambocor), mexiletine (Mexitil), procainamide, propafenone (Rythmol), quinidine (in Nuedexta), and sotalol (Betapace, Betapace AF, Sorine), medications to reduce stomach acid such as cimetidine (Tagamet), famotidine (Pepcid), nizatidine (Axid), ranitidine (Zantac), esomeprazole (Nexium), lansoprazole (Prevacid), omeprazole (Prilosec), pantoprazole (Protonix), and rabeprazole (AcipHex); nefazodone; rifampin (Rimactane, Rifadin, in Rifater, in Rifamate); and telithromycin (Ketek); Many other medications may also interact with dasatinib, so be sure to tell your doctor about all the medications you are taking, even those that do not appear on this list. Your doctor may need to change the doses of your medications or monitor you carefully for side effects.if you are taking antacids, such as aluminum hydroxide/magnesium hydroxide (Maalox), calcium carbonate (Tums), or calcium carbonate and magnesium (Rolaids), take them 2 hours before or 2 hours after you take dasatinib.tell your doctor what herbal products you are taking, especially St. John's wort.tell your doctor if you have or have ever had lactose intolerance (inability to digest dairy products), low levels of potassium or magnesium in your blood, long QT syndrome (a heart condition that may cause dizziness, fainting, or irregular heartbeat), problems with your immune system, or liver, lung, or heart disease.tell your doctor if you are pregnant or plan to become pregnant. You should not become pregnant while you are taking dasatinib and for 30 days after your final dose. Talk to your doctor about birth control methods that will work for you. If you become pregnant while taking dasatinib, call your doctor. Women who are pregnant should not handle crushed or broken dasatinib tablets. Dasatinib may harm the fetus.do not breastfeed while taking dasatinib and for 2 weeks after your final dose.you should know that this medication may decrease fertility in men and women. Talk to your doctor about the risks of taking dasatinib.if you are having surgery, including dental surgery, tell the doctor or dentist that you are taking dasatinib.","fever, sore throat, chills, and/or other signs of infectionswelling of the eyes, hands, arms, feet, ankles, or lower legssudden weight gaindifficulty breathing, especially when lying downcoughing up pink or bloody mucusdry coughchest pain that becomes worse when coughing, sneezing, or breathing deeplychest pressuredizzinessfaintingrapid, irregular, or pounding heartbeatheadachetirednessconfusiontemporary breast enlargement (in children)unusual bruising or bleedingblack and tarry stoolsred blood in stoolsbloody vomitvomiting material that looks like coffee groundsslow or difficult speechweakness or numbness of an arm or leg","0"
"Ridaforolimus (Deforolimus, MK-8669)","COC1CC(CCC1O[P](C)(C)=O)CC(C)C2CC(=O)C(C)\C=C(C)\C(O)C(OC)C(=O)C(C)CC(C)/C=C/C=C/C=C(C)/C(CC3CCC(C)C(O)(O3)C(=O)C(=O)N4CCCCC4C(=O)O2)OC",\N,\N,\N,\N,"1"
"Gefitinib (ZD1839)","COC1=C(OCCCN2CCOCC2)C=C3C(=NC=NC3=C1)NC4=CC=C(F)C(=C4)Cl","Gefitinib is used to treat non-small cell lung cancer that has spread to other parts of the body in people with certain types of tumors. Gefitinib is in a class of medications called kinase inhibitors. It works by blocking the action of a certain naturally occurring substance that may be needed to help cancer cells multiply.","Gefitinib comes as a tablet to take by mouth. It is usually taken with or without food once a day. Take gefitinib at around the same time every day. Follow the directions on your prescription label carefully, and ask your doctor or pharmacist to explain any part you do not understand. Take gefitinib exactly as directed. Do not take more or less of it or take it more often than prescribed by your doctor.","Before taking gefitinib,tell your doctor and pharmacist if you are allergic to gefitinib, any other medications, or any of the ingredients in gefitinib tablets. Ask your pharmacist for a list of the ingredients.tell your doctor and pharmacist what prescription and nonprescription medications, vitamins, and nutritional supplements you are taking or plan to take. Be sure to mention any of the following: anticoagulants ('blood thinners') such as warfarin (Coumadin, Jantoven); antifungals such as itraconazole (Onmel, Sporanox) and ketoconazole (Nizoral); metoprolol (Lopressor, Toprol XL, in Dutoprol); phenytoin (Dilantin, Phenytek); and tricyclic antidepressants such as imipramine (Tofranil) and amitriptyline. Many other medications may interact with gefitinib, so be sure to tell your doctor about all the medications you are taking, even those that do not appear on this list. Your doctor may need to change the doses of your medications or monitor you carefully for side effects.if you are taking an antacid or an Hif you are taking a proton pump inhibitor medication for indigestion, heartburn, or ulcers such as esomeprazole (Nexium), lansoprazole (Prevacid), omeprazole (Prilosec), pantoprazole (Protonix), or rabeprazole (AcipHex), take it at least 12 hours before or at least 12 hours after taking gefitinib.tell your doctor if you have or have ever had pulmonary fibrosis (scarring of the lungs) or other lung or breathing problems, eye or vision problems, or liver disease.tell your doctor if you are pregnant or plan to become pregnant. Gefitinib may cause infertility (difficulty becoming pregnant) in females. However, you should use birth control to prevent pregnancy during your treatment with gefitinib and for at least 2 weeks after you stop taking the medication. If you become pregnant while taking gefitinib, call your doctor. Gefitinib may harm the fetus and increase the risk of pregnancy loss.tell your doctor if you are breastfeeding. You should not breast-feed while you are taking gefitinib.","new or worsening shortness of breath, cough, or feversevere or ongoing diarrheasevere abdominal painloss of appetiteeye pain, redness, or irritationvision changeswatery eyeseye sensitivity to lighthivesblisters or peeling skinswelling of the eyes, face, lips, tongue, throat, hands, arms, feet, ankles or lower legsnauseavomitingyellowing of the skin or eyesdark urinepale stoolspain or discomfort in the right upper stomach area","0"
"Imatinib Mesylate (STI571)","CN1CCN(CC1)CC2=CC=C(C=C2)C(=O)NC3=CC=C(C)C(=C3)NC4=NC=CC(=N4)C5=CC=CN=C5.C[S](O)(=O)=O","Imatinib is used to treat certain types of leukemia (cancer that begins in the white blood cells) and other cancers and disorders of the blood cells. Imatinib is also used to treat certain types of gastrointestinal stromal tumors (GIST; a type of tumor that grows in the walls of the digestive passages and may spread to other parts of the body). Imatinib is also used to treat dermatofibrosarcoma protuberans (a tumor that forms under the top layer of skin) when the tumor cannot be removed surgically, has spread to other parts of the body, or has come back after surgery. Imatinib is in a class of medications called kinase inhibitors. It works by blocking the action of the abnormal protein that signals cancer cells to multiply. This helps stop the spread of cancer cells.","Imatinib comes as a tablet to take by mouth. It is usually taken with a meal and a large glass of water once or twice a day. Take imatinib at around the same time(s) every day. Follow the directions on your prescription label carefully, and ask your doctor or pharmacist to explain any part you do not understand. Take imatinib exactly as directed. Do not take more or less of it or take it more often than prescribed by your doctor.","Before taking imatinib,tell your doctor and pharmacist if you are allergic to imatinib, any other medications, or any of the ingredients in imatinib tablets. Ask your pharmacist for a list of the ingredients.tell your doctor and pharmacist what prescription and nonprescription medications, vitamins, and nutritional supplements you are taking or plan to take. Be sure to mention any of the following: acetaminophen (Tylenol), alprazolam (Xanax), amlodipine (Norvasc, in Caduet, Lotrel, Tribenzor, others), atazanavir (Reyataz), atorvastatin (Lipitor, in Caduet), carbamazepine (Carbatrol, Equetro, Tegretol, others), clarithromycin (Biaxin, in Prevpac), cyclosporine (Gengraf, Neoral, Sandimmune), dexamethasone, ergotamine (Ergomar, in Migergot, Cafergot), erythromycin (E.E.S., Eryc, Eryped, others), estazolam, felodipine, fentanyl (Duragesic, Subsys, Fentora, others), fosphenytoin (Cerebyx), indinavir (Crixivan), iron, or iron containing supplements, isradipine, itraconazole (Onmel, Sporanox), ketoconazole, lovastatin (Altoprev), metoprolol (Lopressor, Toprol XL, in Dutoprol), nefazodone, nelfinavir (Viracept), nicardipine (Cardene), nifedipine (Adalat CC, Procardia, others), nimodipine (Nymalize), nisoldipine (Sular), oxcarbazepine (Oxtellar XR, Trileptal), phenobarbital, phenytoin (Dilantin, Phenytek), pimozide (Orap), primidone (Mysoline), quinidine (in Nuedexta), rifabutin (Mycobutin), rifampin (rifadin, rimactane, in Rifamate, Rifater), ritonavir (Norvir, in Kaletra, Technivie, Viekira), saquinavir (Fortovase, Invirase), simvastatin (Zocor, in Vytorin), sirolimus (Rapamune), tacrolimus (Astagraf XL, Envarsus XR, Prograf), telithromycin, triazolam (Halcion), voriconazole (Vfend), and warfarin (Coumadin, Jantoven). Many other medications may also interact with imatinib, so be sure to tell your doctor about all the medications you are taking, even those that do not appear on this list. Your doctor may need to change the doses of your medications or monitor you carefully for side effects.tell your doctor what herbal products you are taking, especially St. John's wort.tell your doctor if you have or have ever had heart, lung, thyroid, kidney, or liver disease.tell your doctor if you are pregnant or plan to become pregnant. You will have to take a pregnancy test before starting treatment, You should not become pregnant while you are taking imatinib and for 14 days after your final dose. Talk to your doctor about birth control methods that you can use during your treatment. If you become pregnant while taking imatinib, call your doctor. Imatinib may harm the fetus.tell your doctor if you are breastfeeding. You should not breastfeed while you are taking imatinib and for one month after your final dose.if you are having surgery, including dental surgery, tell the doctor or dentist that you are taking imatinib.you should know that imatinib may make you dizzy, drowsy, or cause blurred vision. Do not drive a car or operate machinery until you know how this medication affects you.","swelling around the eyesswelling of the hands, feet, ankles, or lower legssudden weight gainshortness of breathfast, irregular, or pounding heartbeatcoughing up pink or bloody mucusincreased urination, especially at nightchest painpeeling, blistering, or shedding skinyellowing of the skin or eyesblood in the stoolunusual bruising or bleedingflu-like symptoms, sore throat, fever, chills, and other signs of infectionexcessive tiredness or weaknessabdominal pain or bloating","0"
"Lapatinib (GW-572016) Ditosylate","CC1=CC=C(C=C1)[S](O)(=O)=O.CC2=CC=C(C=C2)[S](O)(=O)=O.C[S](=O)(=O)CCNCC3=CC=C(O3)C4=CC=C5N=CN=C(NC6=CC=C(OCC7=CC=CC(=C7)F)C(=C6)Cl)C5=C4","Lapatinib is used with capecitabine (Xeloda) to treat a certain type of advanced breast cancer in people who have already been treated with other chemotherapy medications. Lapatinib is also used with letrozole (Femara) to treat a certain type of breast cancer in postmenopausal women (women who have experienced a change of life; end of menstrual periods) that has spread to other parts of the body. Lapatinib is in a class of medications called kinase inhibitors. It works by blocking the action of the abnormal protein that signals cancer cells to multiply. This helps stop or slow the spread of cancer cells.","Lapatinib comes as a tablet to take by mouth. It is usually taken once a day, at least 1 hour before or 1 hour after a meal. When lapatinib is used to treat advanced or metastatic breast cancer, it is usually given once daily on days 1 to 21 (along with capecitabine on days 1 to 14) of a 21-day cycle. The cycle may be repeated as recommended by your doctor. When lapatinib is used to treat breast cancer in postmenopausal women, it is usually given once daily along with letrozole. Take all of the lapatinib tablets for your daily dose at one time each day; do not divide the tablets to take as separate doses. Take lapatinib at around the same time every day. Follow the directions on your prescription label carefully, and ask your doctor or pharmacist to explain any part you do not understand. Take lapatinib exactly as directed. Do not take more or less of it or take it more often than prescribed by your doctor.","Before taking lapatinib,tell your doctor and pharmacist if you are allergic to lapatinib, any other medications, or any of the ingredients in lapatinib tablets. Ask your pharmacist for a list of the ingredients.tell your doctor and pharmacist what prescription and nonprescription medications, vitamins, and nutritional supplements you are taking or plan to take. Be sure to mention any of the following: certain antibiotics such as clarithromycin (Biaxin, in Prevpac), erythromycin (E.E.S., E-Mycin, Erythrocin), moxifloxacin (Avelox), rifabutin (Mycobutin), rifampin (Rifadin, in Rifamate, in Rifater, Rimactane), rifapentine (Priftin), sparfloxacin (Zagam) (not available in the U.S.), and telithromycin (Ketek); antifungals such as itraconazole (Sporanox), ketoconazole (Nizoral), and voriconazole (Vfend); calcium channel blockers such as amlodipine (Norvasc, in Caduet and Lotrel), diltiazem (Cardizem, Dilacor, Tiazac, others), felodipine (Plendil, in Lexxel), nifedipine (Adalat, Nifedical XL, Procardia, others), nisoldipine (Sular), and verapamil (Calan, Isoptin, Verelan, others); cisapride (Propulsid) (not available in the U.S.); dexamethasone (Decadron, Dexpak); certain medications for depression such as nefazodone; certain chemotherapy medications including daunorubicin (Cerubidine, DaunoXome), doxorubicin (Adriamycin, Doxil, Rubex), epirubicin (Ellence), idarubicin (Idamycin), tamoxifen (Nolvadex), valrubicin (Valstar), vinblastine, and vincristine; certain medications for human immunodeficiency virus (HIV) or acquired immunodeficiency syndrome (AIDS) including atazanavir (Reyataz), indinavir (Crixivan), nelfinavir (Viracept), ritonavir (Norvir, in Kaletra), and saquinavir (Invirase); medications for irregular heartbeat including amiodarone (Cordarone), disopyramide (Norpace), dofetilide (Tikosyn), procainamide (Procanbid), quinidine, and sotalol (Betapace, Betapace AF, Sorine); certain medications for seizures such as carbamazepine (Carbatrol, Epitol, Tegretol), phenobarbital (Luminal), and phenytoin (Dilantin, Phenytek); pimozide (Orap); and thioridazine. Your doctor may need to change the doses of your medications or monitor you carefully for side effects. Many other medications may also interact with lapatinib, so be sure to tell your doctor about all the medications you are taking, even those that do not appear on this list.tell your doctor and pharmacist what herbal products you are taking, especially St. John's wort.tell your doctor if you have or have ever had a slow, fast, or irregular heartbeat; a prolonged QT interval (a rare heart problem that may cause irregular heartbeat, fainting, or sudden death); a low level of magnesium or potassium in your blood; or heart or lung disease.tell your doctor if you are pregnant or plan to become pregnant. You will have to take a pregnancy test before starting treatment. If you are a woman who is able to become pregnant, you must use effective birth control during your treatment and for 1 week after your final dose. If you are male with a female partner who could become pregnant, you must use effective birth control during your treatment and for 1 week after your final dose. Talk to your doctor about birth control methods that you can use during your treatment. If you become pregnant while taking lapatinib, call your doctor immediately. Lapatinib may harm the fetus.tell your doctor if you are breastfeeding or plan to breastfeed. You should not breastfeed while taking lapatinib and for 1 week after your final dose.you should know that lapatinib often causes diarrhea, which can be severe. Call your doctor if you have diarrhea while taking lapatinib. Your doctor may tell you to drink plenty of liquids, make changes in your diet, and take medication to control the diarrhea and prevent dehydration (loss of too much water from your body). Call your doctor immediately if you experience any of the following symptoms of dehydration: extreme thirst, dry mouth and/or skin, decreased urination, sunken eyes, or fast heartbeat.","shortness of breathdry coughcoughing up pink or bloody mucusfast, irregular, or pounding heartbeatweaknessswelling of the hands, feet, ankles, or lower legsrashfeverblistering or peeling skin","0"
"Lenalidomide (CC-5013)","NC1=C2CN(C3CCC(=O)NC3=O)C(=O)C2=CC=C1","Lenalidomide is used to treat a certain type of myelodysplastic syndrome (a group of conditions in which the bone marrow produces blood cells that are misshapen and does not produce enough healthy blood cells). Lenalidomide is also used along with dexamethasone to treat people with multiple myeloma (a type of cancer of the bone marrow). It is also used to treat people with multiple myeloma after a hematopoietic stem-cell transplant (HSCT; procedure in which certain blood cells are removed from the body and then returned to the body). Lenalidomide is also used to treat people with mantle cell lymphoma (a fast-growing cancer that begins in the cells of the immune system) who have been treated with bortezomib (Velcade) and at least one other medication. Lenalidomide should not be used to treat people with chronic lymphocytic leukemia (a type of cancer of the white blood cells that gets worse slowly over time) unless they are participating in a clinical trial (research study to see whether a medication may be used safely and effectively to treat a certain condition). Lenalidomide is in a class of medications called immunomodulatory agents. It works by helping the bone marrow to produce normal blood cells and by killing abnormal cells in the bone marrow.","Lenalidomide comes as a capsule to take by mouth. When lenalidomide is used to treat myelodysplastic syndrome, it is usually taken with or without food once daily. When lenalidomide is used to treat multiple myeloma or mantle cell lymphoma, it is usually taken with or without food once daily for the first 21 days of a 28-day cycle. When lenalidomide is used to treat multiple myeloma after HSCT, it is usually taken with or without food once daily for 28 days of a 28-day cycle. The 28-day cycle regimen may be repeated as recommended by your doctor based on your body's response to this medication. Take lenalidomide at around the same time of day every day that you take it. Follow the directions on your prescription label carefully, and ask your doctor or pharmacist to explain any part you do not understand. Take lenalidomide exactly as directed. Do not take more or less of it or take it more often than prescribed by your doctor.","Before taking lenalidomide,tell your doctor and pharmacist if you are allergic to lenalidomide, any other medications, or any of the ingredients in lenalidomide capsules. Ask your pharmacist or check the Medication Guide for a list of the ingredients.tell your doctor and pharmacist what other prescription and nonprescription medications, vitamins, nutritional supplements, and herbal products you are taking or plan to take. Be sure to mention the medications listed in the IMPORTANT WARNING section and digoxin (Lanoxin). Your doctor may need to change the doses of your medications or monitor you carefully for side effects.tell your doctor if you are lactose intolerant and if you have or have ever had kidney, thyroid, or liver disease. Also tell your doctor if you have ever taken thalidomide (Thalomid) and developed a rash during your treatment.tell your doctor if you are breastfeeding or are planning to breastfeed.","swelling of the face, throat, tongue, lips, eyes, arms, hands, feet, ankles, or lower legsdifficulty breathing or swallowinghoarsenessfast, slow, pounding, or irregular heartbeatseizuresrashskin painblistering, peeling, or shedding skinswollen glands in the neckmuscle crampspain in the upper right part of the stomachyellowing of the skin or eyesdark colored urinetirednessbloody, cloudy, or painful urinationincreased or decreased urination","0"
"Panobinostat (LBH589)","CC1=C(CCNCC2=CC=C(\C=C\C(=O)NO)C=C2)C3=C([NH]1)C=CC=C3","Panobinostat is used in combination with bortezomib (Velcade) and dexamethasone to treat people with multiple myeloma (a type of cancer of the bone marrow) who have already been treated two other medications, including bortezomib (Velcade). Panobinostat is in a class of medications called histone deacetylase (HDAC) inhibitors. It works by killing cancer cells.","Panobinostat comes as a capsule to take by mouth. It is usually taken with or without food once daily on certain days of a 21-day cycle. The cycle may be repeated for up to 16 cycles. Take panobinostat at around the same time on each scheduled day. Follow the directions on your prescription label carefully, and ask your doctor or pharmacist to explain any part you do not understand. Take panobinostat exactly as directed. Do not take more or less of it or take it more often than prescribed by your doctor.","Before taking panobinostat,tell your doctor and pharmacist if you are allergic to panobinostat, any other medications, or any of the ingredients in panobinostat capsules. Ask your pharmacist or check the Medication Guide for a list of the ingredients.tell your doctor and pharmacist what other prescription and nonprescription medications, vitamins, nutritional supplements, and herbal products you are taking or plan to take. Be sure to mention any of the following: amiodarone (Cordarone, Nexterone, Pacerone); antifungals such as itraconazole (Onmel, Sporanox), ketoconazole (Nizoral), posaconazole (Noxafil), and voriconazole (Vfend); atomoxetine (Strattera); bepridil (Vascor; no longer available in the U.S.); boceprevir (Victrelis); carbamazepine (Carbatrol, Tegretol, Teril, others); chloroquine (Aralen); clarithromycin (Biaxin, in PrevPac); conivaptan (Vaprisol); desipramine (Norpramin); dextromethorphan; disopyramide (Norpace); dolasetron (Anzemet); certain medications for HIV such as indinavir (Crixivan), lopinavir/ritonavir (Kaletra), nelfinavir (Viracept), ritonavir (Norvir, in Kaletra, in Viekira Pak), saquinavir (Invirase); methadone (Dolophine, Methadose); metoprolol (Lopressor, Toprol-XL); moxifloxacin (Avelox); nebivolol (Bystolic); nefazodone; ondansetron (Zofran, Zuplenz); perphenazine; pimozide (Orap); phenobarbital; phenytoin (Dilantin, Phenytek); procainamide; quinidine (in Nuedexta); rifampin (Rifadin, Rimactane, in Rifamate, in Rifater); sotalol (Betapace, Sorine, Sotylize); telaprevir (Incivek; no longer available in U.S.); telithromycin (Ketek); thioridazine; tolterodine (Detrol); and venlafaxine (Effexor). Your doctor may need to change the doses of your medications or monitor you carefully for side effects.tell your doctor what herbal products you are taking, especially St John's wort.tell your doctor if you have an infection or have or have ever had bleeding problems or liver disease.tell your doctor if you are pregnant or plan to become pregnant. Panobinostat may harm the fetus. Use birth control to prevent pregnancy during your treatment with panobinostat and for at least 1 month after the last dose. If you are a man and your partner can become pregnant, you should use a condom while taking this medication and for 90 days after your treatment is completed. Ask your doctor if you have questions about types of birth control that will work for you. If you become pregnant while taking panobinostat, call your doctor immediately.tell your doctor if you are breastfeeding. You should not breastfeed while taking panobinostat.if you are having surgery, including dental surgery, tell the doctor or dentist that you are taking panobinostat.","black, tarry, or bloody stoolsbloody vomit or vomited material that looks like coffee groundsunusual bruising or bleedingpink or brown urineblood in phlegmconfusionchanges in your speechfever, cough, chills, sweating or other signs of infectionpale skinnausea, vomiting, loss of appetite, dark urine, stomach pain, extreme tiredness, lack of energy, or yellowing of skin or white of eyes","0"
"Nilotinib (AMN-107)","CC1=C[N](C=N1)C2=CC(=CC(=C2)C(F)(F)F)NC(=O)C3=CC=C(C)C(=C3)NC4=NC=CC(=N4)C5=CN=CC=C5","Nilotinib is used to treat certain types of chronic myeloid leukemia (CML; a type of cancer of the white blood cells) who have recently found to have this condition in adults and children 1 year of age and older. It is also used to treat certain types of CML in adults whose disease could not be treated successfully with imatinib (Gleevec) or adults who cannot take imatinib because of side effects. Nilotinib is also used to treat certain types of CML in children 1 year of age or older whose disease could not be treated successfully with other tyrosine kinase inhibitor therapies or who cannot take these medications because of side effects. Nilotinib is in a class of medications called kinase inhibitors. It works by blocking the action of the abnormal protein that signals cancer cells to multiply. This helps to stop or slow the spread of cancer cells.","Nilotinib comes as a capsule to take by mouth. It is usually taken without food twice a day. Nilotinib should be taken on an empty stomach, at least 2 hours before or 1 hour after eating any food. Take nilotinib at around the same times every day. Try to space your doses about 12 hours apart. Follow the directions on your prescription label carefully, and ask your doctor or pharmacist to explain any part you do not understand. Take nilotinib exactly as directed. Do not take more or less of it or take it more often than prescribed by your doctor.","Before taking nilotinib,tell your doctor and pharmacist if you are allergic to nilotinib, any other medications, or any of the ingredients in nilotinib capsules. Ask your pharmacist or check the Medication Guide for a list of the ingredients.tell your doctor and pharmacist what other prescription and nonprescription medications, vitamins, and nutritional supplements you are taking or plan to take. Be sure to mention the medications listed in the IMPORTANT WARNING section and any of the following: certain cholesterol-lowering medications (statins) including atorvastatin (Lipitor, in Caduet), fluvastatin (Lescol XL), lovastatin (Altoprev), and simvastatin (Flolipid, Zocor, in Vytorin); proton-pump inhibitors such as esomeprazole (Nexium), lansoprazole (Prevacid), omeprazole (Prilosec), pantoprazole (Protonix), and rabeprazole (AcipHex); and rifampin (Rifadin). Your doctor may need to change the doses of your medications or monitor you carefully for side effects. Many other medications may also interact with nilotinib, so be sure to tell your doctor about all the medications you are taking, even those that do not appear on this list.if you are taking antacids containing magnesium, aluminum (Maalox, Mylanta, Tums, others), or simethicone, take the antacid 2 hours before or at least 2 hours after you take nilotinib.if you are taking a medication for indigestion, heartburn, or ulcers such as cimetidine (Tagamet), famotidine (Pepcid, in Duexis), nizatidine (Axid), or ranitidine (Zantac), take it at least 10 hours before or at least 2 hours after you take nilotinib.tell your doctor what herbal products you are taking, especially St. John's wort.tell your doctor if you have had a stroke or surgery to remove the entire stomach (total gastrectomy). Also, tell your doctor if you have or have ever had decreased blood flow to your legs, any heart problems, bleeding problems, liver problems, pancreatitis (swelling of the pancreas, a gland behind the that produces substances to help with digestion), or any condition that makes it difficult for you to digest lactose (milk sugar) or other sugars.tell your doctor if you are pregnant or plan to become pregnant. You should not become pregnant while you are taking nilotinib. You should use effective birth control to prevent pregnancy during your treatment with nilotinib and for 14 days after your final dose. Talk to your doctor about birth control methods that you can use during your treatment. If you become pregnant while taking nilotinib, call your doctor immediately. Nilotinib may harm the fetus.tell your doctor if you are breast-feeding. You should not breast-feed while you are taking nilotinib and for 14 days after your final dose.if you are having surgery, including dental surgery, tell the doctor or dentist that you are taking nilotinib.","unusual bleeding or bruisingblood in urinebloody or black, tarry stoolssudden headache, confusion, or changes in visionunusual tiredness or weaknesschest pain or discomfortproblems walking or speakingnumbnesschange in leg skin colorpain or cold sensation in legsstomach pain with nausea and vomitingfever, chills, sore throat, ongoing cough and congestion, or other signs of infectionpale skinshortness of breathweight gainswelling of hands, ankles, feet, or facepain or discomfort in the right upper stomach areayellowing of the skin and eyesdark urineurinating less often than usual","0"
"Pazopanib HCl (GW786034 HCl)","Cl.C[N]1N=C2C=C(C=CC2=C1C)N(C)C3=NC(=NC=C3)NC4=CC=C(C)C(=C4)[S](N)(=O)=O","Pazopanib is used to treat advanced renal cell carcinoma (RCC, a type of cancer that begins in the cells of the kidneys) in adults. Pazopanib is in a class of medications called kinase inhibitors. It works by slowing or stopping the spread of cancer cells.","Pazopanib comes as a tablet to take by mouth. It is usually taken on an empty stomach once a day, at least 1 hour before or 2 hours after a meal. Take pazopanib at around the same time every day. Follow the directions on your prescription label carefully, and ask your doctor or pharmacist to explain any part you do not understand. Take pazopanib exactly as directed. Do not take more or less of it or take it more often than prescribed by your doctor.","Before taking pazopanib,tell your doctor and pharmacist if you are allergic to pazopanib, any other medications, or any of the ingredients in pazopanib tablets. Ask your pharmacist or check the Medication Guide for a list of the ingredients.tell your doctor and pharmacist what other prescription and nonprescription medications, vitamins, nutritional supplements, and herbal products you are taking or plan to take. Be sure to mention any of the following: cisapride (Propulsid) (not available in the U.S.); clarithromycin (Biaxin, in Prevpac); dofetilide (Tikosyn); erythromycin (E.E.S., E-Mycin, Erythrocin); ketoconazole (Nizoral); certain medications for irregular heartbeat such as amiodarone (Cordarone), digoxin (Digitek, Lanoxicaps, Lanoxin), diltiazem (Cardizem, Dilacor, Tiazac, others), disopyramide (Norpace), flecainide (Tambocor), mexiletine (Mexitil), procainamide (Procanbid), propafenone (Rythmol), propranolol (Inderal, Innopran XL, in Inderide), quinidine, sotalol (Betapace, Betapace AF, Sorine), and verapamil (Calan, Isoptin, Verelan); moxifloxacin (Avelox); pimozide (Orap); rifampin (Rifadin, in Rifamate, in Rifater, Rimactane); ritonavir (Norvir, in Kaletra); sparfloxacin (Zagam) (not available in the U.S.); and thioridazine (Mellaril). Your doctor may need to change the doses of your medications or monitor you carefully for side effects. Many other medications may also interact with pazopanib, so be sure to tell your doctor about all the medications you are taking, even those that do not appear on this list.tell your doctor if you have coughed up blood or had bleeding in your stomach, intestines, or brain in the last 6 months or had surgery in the last 7 days. Also tell your doctor if you have or have ever had a tear in your stomach or intestine; an abnormal connection between two parts of your gastrointestinal tract; Gilbert's syndrome (a genetic condition which affects the liver and may cause jaundice [yellowing of the skin or eyes]); high blood pressure; a stroke; an irregular heartbeat; a prolonged QT interval (a rare heart problem that may cause irregular heartbeat, fainting, or sudden death); a heart attack; chest pain; or heart or thyroid disease.tell your doctor if you are pregnant, plan to become pregnant, or are breast-feeding. You should not become pregnant while you are taking pazopanib. If you become pregnant while taking pazopanib, call your doctor. Pazopanib may harm the fetus.if you are having surgery, including dental surgery, tell the doctor or dentist that you are taking pazopanib.","fast or irregular heartbeatchest painpain in the arms, back, neck or jawshortness of breathheadacheslow or difficult speechdizziness or faintnessweakness or numbness of an arm or legwounds that do not healstomach pain or swellingblack and tarry stoolsred blood in stoolsbloody vomitvomit that looks like coffee groundsblood in urinenosebleedscoughing up blood","0"
"Rapamycin (Sirolimus)","COC1CC(CCC1O)CC(C)C2CC(=O)C(C)\C=C(/C)C(O)C(OC)C(=O)C(C)CC(C)/C=C/C=C/C=C(C)/C(CC3CCC(C)C(O)(O3)C(=O)C(=O)N4CCCCC4C(=O)O2)OC","Sirolimus is used in combination with other medications to prevent rejection of kidney transplants. Sirolimus is in a class of medications called immunosuppressants. It works by suppressing the body's immune system.","Sirolimus comes as a tablet and a solution (liquid) to take by mouth. It is usually taken once a day, either always with food or always without food. To help you remember to take sirolimus, take it around the same time every day. Follow the directions on your prescription label carefully, and ask your doctor or pharmacist to explain any part you do not understand. Take sirolimus exactly as directed. Do not take more or less of it or take it more often than prescribed by your doctor.","Before taking sirolimus,tell your doctor and pharmacist if you are allergic to sirolimus, any other medications, or any of the ingredients in sirolimus tablets or solution. Ask your pharmacist for a list of the ingredients.tell your doctor and pharmacist what prescription and nonprescription medications, vitamins, and nutritional supplements you are taking. Be sure to mention any of the following: aminoglycoside antibiotics such as amikacin, gentamicin, kanamycin, neomycin (Neo-Fradin, Neo-Rx), streptomycin, and tobramycin (Tobi); amphotericin B (Abelcet, AmBisome, Amphocin, Fungizone); angiotensin-converting enzyme (ACE) inhibitors such as benazepril (Lotensin), captopril (Capoten), enalapril (Vasotec), fosinopril (Monopril), lisinopril (Prinivil, Zestril), moexipril (Univasc), perindopril (Aceon), quinapril (Accupril), ramipril (Altace), and trandolapril (Mavik); antifungals such as clotrimazole (Lotrimin), fluconazole (Diflucan), itraconazole (Sporanox), ketoconazole (Nizoral), and voriconazole (Vfend); bromocriptine (Cycloset, Parlodel); cimetidine (Tagamet); cisapride (Propulsid) (not available in the U.S.); clarithromycin (Biaxin); danazol (Danocrine); diltiazem (Cardizem, Dilacor, Tiazac); erythromycin (E.E.S., E-Mycin, Erythrocin); HIV protease inhibitors such as indinavir (Crixivan) and ritonavir (Norvir, in Kaletra); certain medications for cholesterol; medications for seizures such as carbamazepine (Tegretol), phenobarbital (Luminal), and phenytoin (Dilantin); metoclopramide (Reglan); nicardipine (Cardene); rifabutin (Mycobutin); rifampin (Rifadin, Rimactane); rifapentine (Priftin); telithromycin (Ketek); troleandomycin (TAO) (not available in the U.S.); and verapamil (Calan, Covera, Isoptin, Verelan). Your doctor may need to change the doses of your medications or monitor you carefully for side effects.if you are taking cyclosporine (Neoral) soft gelatin capsules or solution, take them 4 hours before sirolimus.tell your doctor what herbal products you are taking, especially St. John's wort.tell your doctor if you have or have ever had high cholesterol or triglycerides or liver disease.tell your doctor if you are pregnant, plan to become pregnant, or are breast-feeding. You should use an effective method of birth control before starting to take sirolimus, while taking sirolimus, and for 12 weeks after stopping sirolimus. If you become pregnant while taking sirolimus, call your doctor.if you are having surgery, including dental surgery, tell the doctor or dentist that you are taking sirolimus.do not have any vaccinations without talking to your doctor.","unusual bleeding or bruisingcoughswollen, red, cracked, scaly skinhivesrashitchingdifficulty breathing or swallowingswelling of the face, throat, tongue, lips, eyes, hands, feet, ankles, or lower legshoarseness","0"
"Sorafenib Tosylate","CNC(=O)C1=CC(=CC=N1)OC2=CC=C(NC(=O)NC3=CC=C(Cl)C(=C3)C(F)(F)F)C=C2.CC4=CC=C(C=C4)[S](O)(=O)=O","Sorafenib is used to treat advanced renal cell carcinoma (RCC; a type of cancer that begins in the kidneys). Sorafenib is also used to treat hepatocellular carcinoma (a type of liver cancer) that cannot be treated with surgery and a certain type of thyroid cancer that has spread to other parts of the body and cannot be treated with radioactive iodine. Sorafenib is in a class of medications called kinase inhibitors. It works by blocking the action of an abnormal protein that signals cancer cells to multiply. This helps stop the spread of cancer cells.","Sorafenib comes as a tablet to take by mouth. It is usually taken twice a day. Sorafenib is taken without food, 1 hour before or 2 hours after a meal. Take sorafenib at around the same times every day. Follow the directions on your prescription label carefully, and ask your doctor or pharmacist to explain any part you do not understand. Take sorafenib exactly as directed. Do not take more or less of it or take it more often than prescribed by your doctor.","Before taking sorafenib,tell your doctor and pharmacist if you are allergic to sorafenib, any other medications, or any of the ingredients in sorafenib tablets. Ask your pharmacist for a list of the ingredients.tell your doctor if you have lung cancer and are receiving treatment with carboplatin (Paraplatin) and paclitaxel (Abraxane, Onxol, Taxol) or gemcitabine (Gemzar) and cisplatin (Platinol). Your doctor will probably tell you not to take sorafenib if you have lung cancer and you are receiving these medications.tell your doctor and pharmacist what prescription and nonprescription medications, vitamins, and nutritional supplements you are taking or plan to take. Be sure to mention any of the following: certain medications for arrhythmias such as amiodarone (Nexterone, Pacerone), dofetilide (Tikosyn), dronedarone (Multaq), procainamide, quinidine (in Nuedexta), and sotalol (Betapace, Sorine, Sotylize); anticoagulants (blood thinners) such as warfarin (Coumadin, Jantoven); carbamazepine (Equetro, Tegretol, Teril); dexamethasone; ibutilide (Corvert); irinotecan (Camptosar); neomycin; phenobarbital; phenytoin (Dilantin, Phenytek); rifabutin (Mycobutin); or rifampin (Rifadin, Rimactane). Many other medications may also interact with sorafenib, so be sure to tell your doctor about all the medications you are taking, even those that do not appear on this list. Your doctor may need to change the doses of your medications or monitor you carefully for side effects.tell your doctor what herbal products you are taking, especially St. John's wort.tell your doctor if you have or have ever had high blood pressure, bleeding problems, chest pain, heart problems, QT prolongation (an irregular heart rhythm that can lead to fainting, loss of consciousness, seizures, or sudden death), low levels of potassium, calcium, or magnesium in your blood, an irregular heartbeat, heart failure, kidney problems other than kidney cancer, or liver problems other than liver cancer.tell your doctor if you are pregnant or plan to become pregnant. You will have to take a pregnancy test before starting treatment. If you are a woman who is able to become pregnant, you must use effective birth control during your treatment and for 6 months after your final dose. If you are male with a female partner who could become pregnant, you must use effective birth control during your treatment and for 3 months after your final dose. Talk to your doctor about birth control methods that will work for you. If you become pregnant while taking sorafenib, call your doctor immediately. Sorafenib may harm the fetus.tell your doctor if you are breastfeeding or plan to breastfeed. You should not breastfeed while taking sorafenib and for 2 weeks after your final dose.if you are having surgery, including dental surgery, tell the doctor or dentist that you are taking sorafenib.","unusual bruising or bleedingblack and/or tarry stoolsred blood in stoolsbloody vomitvomiting material that looks like coffee groundsfeversevere stomach painnauseavomitingchest painshortness of breathdizziness or faintingexcessive sweatingfast, pounding, or irregular heartbeatsudden severe headacheconfusionchanges in visionseizuresrashredness, pain, swelling or blisters on the palms of the hands or soles of the feetskin blistering and peelinghivesitchingskin rednessmouth soresdark urineyellowing of the skin or eyespain in the upper right part of the stomach","0"
"Sunitinib Malate","CCN(CC)CCNC(=O)C1=C(C)[NH]C(=C1C)/C=C/2C(=O)NC3=CC=C(F)C=C23.OC(CC(O)=O)C(O)=O","Sunitinib is used to treat gastrointestinal stromal tumors (GIST; a type of tumor that grows in the stomach, intestine (bowel), or esophagus (tube that connects the throat with the stomach) in people with tumors that were not treated successfully with imatinib (Gleevec) or people who cannot take imatinib. Sunitinib is also used to treat advanced renal cell carcinoma (RCC, a type of cancer that begins in the cells of the kidneys). Sunitinib is also used to help prevent the return of RCC in people who have RCC that has not spread and have had a kidney removed. Sunitinib is also used to treat pancreatic neuroendocrine tumors (pNET, a type of tumor that begins in certain cells of the pancreas) in people with tumors that have worsened and cannot be treated with surgery. Sunitinib is in a class of medications called kinase inhibitors. It works by blocking the action of the abnormal protein that signals cancer cells to multiply. This helps stop or slow the spread of cancer cells and may help shrink tumors.","Sunitinib comes as a capsule to take by mouth with or without food. For the treatment of gastrointestinal stromal tumors (GIST), or for the treatment renal cell carcinoma (RCC), sunitinib is usually taken once a day for 4 weeks (28 days) followed by a 2-week break before beginning the next dosing cycle and repeated every 6 weeks for as long as your doctor recommends. For the prevention of RCC, sunitinib is usually taken once a day for 4 weeks (28 days) followed by a 2-week break before beginning the next dosing cycle and repeating every 6 weeks for 9 cycles. For the treatment of pancreatic neuroendocrine tumors (pNET), sunitinib is usually taken once daily. Take sunitinib at around the same time every day. Follow the directions on your prescription label carefully, and ask your doctor or pharmacist to explain any part you do not understand. Take sunitinib exactly as directed. Do not take more or less of it or take it more often than prescribed by your doctor.","Before taking sunitinib,tell your doctor and pharmacist if you are allergic to sunitinib, any ingredients of sunitinib capsules, or any other medications. Ask your pharmacist or check the manufacturer's patient information sheet (Medication Guide) for a list of the ingredients.tell your doctor and pharmacist what prescription and nonprescription medications, vitamins, and nutritional supplements you are taking or plan to take. Be sure to mention any of the following: certain antibiotics such as clarithromycin (Biaxin, in Prevpac), rifampin (Rifadin, Rimactane, in Rifamate, in Rifater), rifabutin (Mycobutin), rifapentine (Priftin), and telithromycin (Ketek); certain antifungals such as itraconazole (Onmel, Sporanox), ketoconazole, and voriconazole (Vfend); dexamethasone; medications for diabetes; certain medications for human immunodeficiency virus (HIV) or acquired immunodeficiency syndrome (AIDS) including atazanavir (Reyataz, in Evotaz), indinavir (Crixivan), nelfinavir (Viracept), ritonavir (Norvir, in Kaletra), and saquinavir (Invirase); nefazodone; certain medications for seizures such as carbamazepine (Carbatrol, Epitol, Equetro, Tegretol, Teril), phenobarbital, and phenytoin (Dilantin, Phenytek). Also tell your doctor if you are taking or have taken alendronate (Binosto, Fosamax), etidronate, ibandronate (Boniva), pamidronate, risedronate (Actonel, Atelvia), or zoledronic acid injection (Reclast, Zometa), Other medications may also interact with sunitinib, so be sure to tell your doctor about all the medications you are taking, even those that do not appear on this list. Your doctor may need to change the doses of your medications or monitor you carefully for side effects.tell your doctor and pharmacist what herbal products you are taking, especially St. John's wort. Do not take St. John's wort while taking sunitinib.tell your doctor if you have or have ever had a bleeding problem; a blood clot in the lungs; a QT interval prolongation (an irregular heart rhythm that can lead to fainting, loss of consciousness, seizures, or sudden death); a slow, fast, or irregular heartbeat; a heart attack; heart failure; high blood pressure; seizures; low blood sugar or diabetes; low levels of potassium or magnesium in your blood; problems with your mouth, teeth or gums; or kidney, thyroid, or heart disease.tell your doctor if you are pregnant, plan to become pregnant, or if you plan to father a child. You or your partner should not become pregnant while you are taking sunitinib. If you are female, you will need to have a pregnancy test before you start treatment, and you should use birth control to prevent pregnancy during your sunitinib treatment and for 4 weeks after your final dose. If you are male, you and your partner should use birth control to prevent pregnancy during your treatment with sunitinib and for 7 weeks after your final dose. Talk to your doctor about birth control methods that you can use during your treatment. Sunitinib may decrease fertility in men and women. However, you should not assume that you or your partner cannot become pregnant. If you or your partner become pregnant while taking sunitinib, call your doctor. Sunitinib may harm the fetus.tell your doctor if you are breastfeeding. You should not breastfeed during your treatment with sunitinib and for 4 weeks after your final dose.if you are having surgery tell the doctor or dentist that you are taking sunitinib. Your doctor will probably tell you to stop taking sunitinib at least 3 weeks before your scheduled surgery because it can affect wound healing. Your doctor will tell you when to start taking sunitinib again after your surgery.you should know that sunitinib may cause your skin to turn yellow and your hair to lighten and lose color. This is probably caused by the yellow color of the medication and is not harmful or painful.you should know that sunitinib may cause high blood pressure. Your blood pressure should be checked regularly while you are taking sunitinib.you should know that sunitinib may cause osteonecrosis of the jaw (ONJ, a serious condition of the jaw bone), especially if you have dental surgery or treatment while you are taking the medication. A dentist should examine your teeth and perform any needed treatments, including cleaning or fixing ill-fitted dentures, before you start to take sunitinib. Be sure to brush your teeth and clean your mouth properly while you are taking sunitinib. Tell your doctor or dentist if you have or have had mouth, teeth, or jaw pain; mouth sores or swelling; numbness or a feeling of heaviness in the jaw; or any loose teeth. Talk to your doctor before having any dental treatments while you are taking this medication.","unusual bruising or bleedingbloody or black and tarry stoolsblood in the urinevomit that is bright red or looks like coffee groundscoughing up bloodstomach pain, swelling, or tendernessheadachefeverswelling, tenderness, warmth, or redness of a legswelling of the feet or anklesrapid, irregular, or pounding heartbeatdizziness or faintingdecreased alertness or concentrationconfusiondepressionnervousnessseizuresvision changeschest pain or pressureextreme tirednessshortness of breathpain with deep breathingunexplained weight gaindecreased urinationcloudy urineswelling of the eyes, face, lips, tongue, or throatrashhivesblistering or peeling skin or inside of mouthdifficulty swallowing or breathinghoarseness","0"
"Temsirolimus (CCI-779, NSC 683864)","COC1CC(CCC1OC(=O)C(C)(CO)CO)CC(C)C2CC(=O)C(C)\C=C(C)\C(O)C(OC)C(=O)C(C)CC(C)/C=C/C=C/C=C(C)/C(CC3CCC(C)C(O)(O3)C(=O)C(=O)N4CCCCC4C(=O)O2)OC","Temsirolimus is used to treat advanced renal cell carcinoma (RCC, a type of cancer that begins in the kidney). Temsirolimus is in a class of medications called kinase inhibitors. It works by blocking the action of the abnormal protein that tells the cancer cells to multiply. This may help slow the growth of tumors.","Temsirolimus comes as a solution (liquid) to be given by infusion (slow injection into a vein) over 30 to 60 minutes. It is usually given by a doctor or nurse in a doctor's office or infusion center. Temsirolimus is usually given once every week.","Before taking temsirolimus,tell your doctor if you are allergic to temsirolimus, sirolimus, antihistamines, any other medications, polysorbate 80, or any of the ingredients in the temsirolimus solution. Ask your doctor for a list of the ingredients.tell your doctor and pharmacist what other prescription and nonprescription medications, vitamins, and nutritional supplements you are taking or plan to take. Be sure to mention any of the following: anticoagulants ('blood thinners') such as warfarin (Coumadin); certain antifungal medications such as itraconazole (Sporanox); ketoconazole (Nizoral); and voriconazole (Vfen); clarithromycin (Biaxin); dexamethasone (Decadron); certain medications used to treat HIV/AIDS such as atazanavir (Reyataz), indinavir (Crixivan), nelfinavir (Viracept), nevirapine (Viramune), ritonavir (Norvir), and saquinavir (Invirase); certain medications for seizures such as carbamazepine (Equetro, Tegretol), phenobarbital (Luminal),and phenytoin (Dilantin, Phenytek); medications to lower cholesterol and lipids; nefazodone; rifabutin (Mycobutin); rifampin (Rifadin, Rifamate, Rifiter); selective serotonin re-uptake inhibitors such as citalopram (Celexa), duloxetine (Cymbalta), escitalopram (Lexapro), fluoxetine (Prozac, Sarafem), fluvoxamine (Luvox), paroxetine (Paxil), and sertraline (Zoloft); sirolimus (Rapamune, Rapamycin); sunitinib (Sutent); and telithromycin (Ketek). Many other medications may also interact with temsirolimus, so be sure to tell your doctor about all the medications you are taking, even those that do not appear on this list. Also be sure to tell your doctor and pharmacist if you stop taking one of the medications listed above while you are receiving treatment with temsirolimus.tell your doctor what herbal products you are taking, especially St. John's Wort.tell your doctor if you have or have ever had diabetes, high cholesterol or triglycerides, a tumor in the central nervous system (brain or spinal cord), cancer, or kidney, liver, or lung disease.tell your doctor if you are pregnant or plan to become pregnant, or if you plan to father a child. You or your partner should not become pregnant while you are receiving temsirolimus and for 3 months after treatment with temsirolimus has ended. Talk to your doctor about birth control methods that will work for you. If you or your partner become pregnant while taking temsirolimus, call your doctor immediately. Temsirolimus may harm the fetus.tell your doctor if you are breast-feeding. You should not breastfeed while receiving temsirolimus.if you are having surgery, including dental surgery, tell the doctor or dentist that you are receiving temsirolimus.you should know that you may be more at risk of getting an infection while you are receiving temsirolimus. Be sure to wash your hands frequently and avoid contact with people who are sick.do not have any vaccinations (e.g., measles, chicken pox, or flu shots) without talking to your doctor.","hivesrashitchingdifficulty breathing or swallowingflushingchest painshortness of breathfast breathing or pantingleg pain, swelling, tenderness, redness, or warmthextreme thirstextreme hungerfever, sore throat, chills, cough, and other signs of infectionfaintingnew or worsening abdominal paindiarrheared blood in stoolsdecrease in amount of urineblurred visionslow or difficult speechconfusiondizziness or faintnessweakness or numbness of an arm or leg","0"
